{
  "caves": {
    "caveCarverProbability": 0.14285715,
    "cheeseCaveDepthOffset": 1.5625,
    "cheeseCaveProbability": 1.0,
    "deepCaveCarverProbability": 0.07,
    "entranceCaveProbability": 0.0,
    "largeOreVeins": true,
    "legacyCarverDistribution": false,
    "noodleCaveProbability": 1.0,
    "ravineCarverProbability": 0.02,
    "spaghettiCaveProbability": 1.0
  },
  "climate": {
    "biomeEdgeShape": {
      "type": "SIMPLEX",
      "gain": 0.5,
      "lacunarity": 2.65,
      "octaves": 2,
      "scale": 24,
      "strength": 14
    },
    "biomeShape": {
      "biomeSize": 185,
      "biomeWarpScale": 150,
      "biomeWarpStrength": 80,
      "macroNoiseSize": 8
    },
    "moisture": {
      "bias": 0.0,
      "falloff": 1,
      "max": 1.0,
      "min": 0.0,
      "scale": 6,
      "seedOffset": 0
    },
    "temperature": {
      "bias": -0.004,
      "falloff": 1,
      "max": 1.0,
      "min": 0.0,
      "scale": 7,
      "seedOffset": 0
    }
  },
  "filters": {
    "erosion": {
      "depositeRate": 0.5,
      "dropletLifetime": 12,
      "dropletVelocity": 0.657,
      "dropletVolume": 0.648,
      "dropletsPerChunk": 175,
      "erosionRate": 0.5
    },
    "smoothing": {
      "iterations": 1,
      "smoothingRadius": 1.855,
      "smoothingRate": 0.916
    }
  },
  "miscellaneous": {
    "customBiomeFeatures": true,
    "erosionDecorator": true,
    "mountainBiomeUsage": 0.853,
    "naturalSnowDecorator": true,
    "oreCompatibleStoneOnly": true,
    "plainStoneErosion": false,
    "smoothLayerDecorator": true,
    "strataDecorator": true,
    "strataRegionSize": 684,
    "vanillaLavaLakes": true,
    "vanillaLavaSprings": false,
    "vanillaSprings": true,
    "volcanoBiomeUsage": 0.855
  },
  "rivers": {
    "branchRivers": {
      "bankWidth": 12,
      "bedDepth": 3,
      "bedWidth": 4,
      "fade": 0.5,
      "maxBankHeight": 2,
      "minBankHeight": 1
    },
    "lakes": {
      "chance": 0.671,
      "depth": 8,
      "maxBankHeight": 7,
      "maxStartDistance": 0.028,
      "minBankHeight": 2,
      "minStartDistance": 0.0,
      "sizeMax": 150,
      "sizeMin": 75
    },
    "mainRivers": {
      "bankWidth": 20,
      "bedDepth": 5,
      "bedWidth": 5,
      "fade": 0.504,
      "maxBankHeight": 4,
      "minBankHeight": 1
    },
    "riverCount": 14,
    "seedOffset": 0,
    "wetlands": {
      "chance": 0.865,
      "sizeMax": 201,
      "sizeMin": 134
    }
  },
  "structures": {
    "structures": {}
  },
  "terrain": {
    "badlands": {
      "baseScale": 1.0,
      "horizontalScale": 1.0,
      "verticalScale": 1.0,
      "weight": 1.493
    },
    "dales": {
      "baseScale": 1.0,
      "horizontalScale": 1.0,
      "verticalScale": 1.0,
      "weight": 1.184
    },
    "general": {
      "fancyMountains": true,
      "globalHorizontalScale": 1.175,
      "globalVerticalScale": 1.0,
      "terrainRegionSize": 1356,
      "terrainSeedOffset": 0
    },
    "hills": {
      "baseScale": 1.0,
      "horizontalScale": 1.0,
      "verticalScale": 1.0,
      "weight": 2.706
    },
    "mountains": {
      "baseScale": 1.0,
      "horizontalScale": 1.0,
      "verticalScale": 1.0,
      "weight": 2.911
    },
    "plains": {
      "baseScale": 1.0,
      "horizontalScale": 1.0,
      "verticalScale": 1.0,
      "weight": 2.164
    },
    "plateau": {
      "baseScale": 1.0,
      "horizontalScale": 1.0,
      "verticalScale": 1.0,
      "weight": 2.576
    },
    "steppe": {
      "baseScale": 1.0,
      "horizontalScale": 1.0,
      "verticalScale": 1.0,
      "weight": 1.519
    },
    "torridonian": {
      "baseScale": 1.0,
      "horizontalScale": 1.0,
      "verticalScale": 1.0,
      "weight": 3.555
    },
    "volcano": {
      "baseScale": 1.0,
      "horizontalScale": 1.0,
      "verticalScale": 1.0,
      "weight": 7.5
    }
  },
  "world": {
    "continent": {
      "continentJitter": 0.8,
      "continentNoiseGain": 0.26,
      "continentNoiseLacunarity": 4.33,
      "continentNoiseOctaves": 5,
      "continentScale": 3000,
      "continentShape": "EUCLIDEAN",
      "continentSizeVariance": 0.25,
      "continentSkipping": 0.25,
      "continentType": "MULTI"
    },
    "controlPoints": {
      "beach": 0.326,
      "coast": 0.448,
      "deepOcean": 0.1,
      "inland": 0.5,
      "shallowOcean": 0.25
    },
    "properties": {
      "seaLevel": 63,
      "spawnType": "CONTINENT_CENTER",
      "worldHeight": 320
    }
  }
}