{
  "type": "minecraft:add",
  "argument1": -0.5037500262260437,
  "argument2": {
    "type": "minecraft:mul",
    "argument1": 2.0,
    "argument2": {
      "type": "minecraft:add",
      "argument1": {
        "type": "minecraft:mul",
        "argument1": -1.0,
        "argument2": {
          "type": "reterraforged:noise",
          "noise": "reterraforged:terrain/ground"
        }
      },
      "argument2": {
        "type": "reterraforged:clamp_to_nearest_unit",
        "function": {
          "type": "reterraforged:conditional_array_cache",
          "function": "reterraforged:height"
        },
        "resolution": 256
      }
    }
  }
}